commit_id,diffs,test_failures
ee1599d18f3270b6845d3edbafbc0570302c72ae,fakeredis/_server.py,test/test_fakeredis.py;
f8e3df1c959fcaad22aee6b9683663fe38807851,fakeredis/_server.py,test/test_fakeredis.py;
f2a4018b0661383b6f8ee980dbf04458b03d5da2,fakeredis/_server.py,test/test_fakeredis.py;
541c91a3f55728015d1a49f25a055b5271e61b5c,setup.py,test/test_fakeredis.py;
c1f68d25b595b18d1f55c06441efbd2f4cf74b51,setup.py,test/test_fakeredis.py;
5861f4a2cb3644f777b8a5bcd9d80edf9c088873,,test/test_fakeredis.py;
067bdeb07164c38b5ba874640c92475f1a86f6d4,fakeredis/_server.py,test/test_fakeredis.py;
fd6cd1573143157b100c5f27c6ec0757ca964fe0,setup.py,
f631c7297ae94c348b51f73d14f1c1a2daeba881,fakeredis/_server.py,
4cfb9d3344a2f2b7102d682c678346b52a9a6999,fakeredis/_server.py,
e04fc6e24baaaceb582e95a3d61b63d34a9e634d,setup.py,
dcf0c8933fff7b3e0f08879a9905dea4f67ca750,fakeredis/_server.py,
aaaad4bd3290ee66ade4ae16198154ec99da7490,,
ed422fcf2ee30dae7f23d9644e2cddd60f4f0e87,setup.py,
b3776cdf8d0e9c1ae86eaf7808b1e9fb7501c86e,,
1a4f6e9ad8f43287c49006b98029a047dd3e7d74,,
5c5c38ffd18bac2a799086055370a72d9341fd78,fakeredis/_server.py,
078bb0b9ee8e338cef7a02604c6dc970100f8558,fakeredis/_server.py,
9efdecd925c9a6e6faaf5377678bb68b8f591971,fakeredis/_server.py,
5d0ae2b53c7d6a1b7e75b6871e8fc89d05cffaa6,setup.py,
18361781e1ebb6ce7b2f6dff081f2651bfb02429,,
4eab6285b70b3bce6275f07651063440b9a939e5,,
85f896fa58eee982a5294fbb3a1e6a8f70d51c10,,
1cb465b17c7026e7e730efb4153cf867009aa4c5,fakeredis/_server.py,
646da2ac831d50f7bf0bda587b3dde99324f5c81,fakeredis/_server.py,
80799e6d941af9f78362307a85ebed65ba621274,,
329da927884fa804ef77295f29747d7a196c5323,,
411466e62eaf15c35480ca6ba001209dfbd541c9,test/conftest.py,
c6b9caf9b94f1c2ab59dfa8ff1ad32ea4c22b2de,fakeredis/_server.py,test/test_aioredis.py
77bc6c91856e1ad288f58304cf2d98c23f77e5d0,setup.py,test/test_aioredis.py
28298d18593c68a569e0e3c9f6dfd8aeafcafa24,setup.py,test/test_aioredis.py
611c62bb9a7241bc6f6892d67e21b34a62df1e54,setup.py,test/test_aioredis.py
7aa894d60d64a5234370475559b71d7ed9ddacd0,fakeredis/_server.py,test/test_aioredis.py
a440425c1ba46462d801ac6ba54852e8c2b196b4,fakeredis/_server.py;fakeredis/aioredis.py;setup.py,test/test_aioredis.py
f3944561ff17ba85da379cbff8f529c39d01d2cd,fakeredis/_server.py,
42781b9c374ace206081c812553f62618530c6ee,setup.py,
df2cfc903a838692ca0ba2452717180193102636,fakeredis/_server.py,
a505d0665718d17ef00fca1d6803a9471e24135e,setup.py,
93e7f14675dd2767b02fa22670741c920cecfeed,fakeredis/_server.py,
fc07cf4f779dc3253eeab8215f2dd5655af2ccef,setup.py,
27163861ed8a424c28aafbf00841a55acbc14b0f,fakeredis/_server.py,
8a1bf3b5a569698a7077301094108efa307007a7,,
009f1359743d92c036a5afb3c3d680c67c7fe27f,,
a8a9986eccc0f568f5e385f48250a1508bb523a4,,
49b479fb1d6dffd05228ae5a3dedf7847e8db9de,fakeredis/_server.py,
29cac2ff96a269288e9a6558bbefc56301ef5ea6,,test_fakeredis.py
0b3ce1ae216455f802c5d5269241cd8b63684e8f,fakeredis/_server.py,
e4dad7cd3ff9f31de214c6afd2dd6aa9f5c45a39,,
131cbb6fcc7004cc2e540d529a677d5ef9e4fce0,fakeredis/_server.py,
a233bb7e5023b93a8e6b93a7d44cc15671ac3168,,
78fb3e737c30320dcc3a8d7fa2d3637da492c245,,
896fc60e08d6c1d85e3816a73bc6a9aad7a0d3b2,setup.py,
9d9023c9096b2818348319df988fc64418669fb5,,
b36edbe280cd272ab4ff498152ca860d05b1a111,,
dd10a7336c30de5b481521ddb7e9237497707147,fakeredis/_server.py,
40226ff912776e8a41eb249716c7cc8675fba885,fakeredis/_server.py,
bb705dfad309f4d16a25d53845c2942e3a727d14,fakeredis/_server.py,
26460a786786cae10d83004bd9074a6b84c62dd5,fakeredis/_server.py,
b8064ec9f927ddf45d60a302fe11f8cfb39c074a,,
ecf14caf11722449230481806b429a2842967bbb,,
1359ce83e0b782c78c16d4b08c72e7aaceb4aa45,,
87de8958b116db41c5cdb55f841d356c3a92bc79,setup.py,test_fakeredis_hypothesis.py
7fe069e317499bf5c9b1d061f6d664ef1ee4c1e1,,test_fakeredis_hypothesis.py
18da1b0fd4cf44e6143a8eb84d559b699834f5e7,,test_fakeredis_hypothesis.py
3547e8b89c48000da2c97fa5a09edf439f541d33,,test_fakeredis_hypothesis.py
f74aa6e916cb119649784e1b17eadb114eb4aac5,fakeredis/_server.py;fakeredis/_zset.py,test_fakeredis_hypothesis.py
80c60d50e2fbf82a0939ac32f75a6cb85bb358eb,,test_fakeredis_hypothesis.py
511c8e3e350a379bae7d1ce49b24a65e38fe196b,fakeredis/_server.py,test_fakeredis_hypothesis.py
d34638bbd9cfe8c6785395820ec339081eb85b58,fakeredis/_server.py,test_fakeredis_hypothesis.py
630824365ec39fbcecb8ab35b907bf61ccd24e21,,test_fakeredis_hypothesis.py
80121e0ff7dc6e8a9245e96d5bbf14e2463e622b,setup.py,test_fakeredis_hypothesis.py
8af8cca73cb3e10f6d9c8e4ff6547356c1392396,,test_fakeredis_hypothesis.py
a34d9ecd3e243842eddb0c0f4d52855243945f53,,test_fakeredis_hypothesis.py
3bfac874065b7f31f863f53df1ae9cbe34a2f444,,test_fakeredis_hypothesis.py
283123774220258f88b5f47197c18301abc1a408,fakeredis/_server.py,test_fakeredis_hypothesis.py
e1a590aa5c91edfa99c49fe286f201725179cc5e,,test_fakeredis_hypothesis.py
187fcd7c13d93bda7927f573542c7aff4064ece4,fakeredis/_server.py,test_fakeredis_hypothesis.py
c415c6931d87e326a67014c3b007bcba1df4c12c,,test_fakeredis_hypothesis.py
cb73f62410120b10444150ec333aae9fc33ef707,,test_fakeredis_hypothesis.py
48cb4152240ae2744d141cb98492d18d88b1fc4e,setup.py,test_fakeredis_hypothesis.py
70502c55d10ccb0e9767c30034675e257f8ef516,setup.py,test_fakeredis_hypothesis.py
75a702766054456bafa68106ab88471bb29ab467,fakeredis/_server.py;setup.py,test_fakeredis_hypothesis.py
65c9a4c9233fe748f298f240ecedc920f5494751,,test_fakeredis_hypothesis.py
24f9320be7bc6ea6bedfae11f5d8210d1daf1a9a,setup.py,test_fakeredis_hypothesis.py
09d26193dadac862f4ec4f4fe9882f1b38145447,fakeredis/_server.py,test_fakeredis_hypothesis.py
9d009db151934f3bae60138d779e12ae0f121e92,,test_fakeredis_hypothesis.py
f120c3df0ac8ab6f20fb6c28a5619eaaf75750f1,setup.py,test_fakeredis_hypothesis.py;test_fakeredis.py
1f9710ead516e99ad0c5ca752db1923cf87834d8,,test_fakeredis_hypothesis.py;test_fakeredis.py
edbea0737b1ca7140bbbf3042cdc3e217c1a688c,fakeredis/_server.py,test_fakeredis_hypothesis.py;test_fakeredis.py
28a7591dd6732b979035af1d64cf48e1005831b6,fakeredis/_server.py,test_fakeredis_hypothesis.py;test_fakeredis.py
a01aac5a0e1ba08fb00d516c70ebe2c817bc8282,fakeredis/_server.py,test_fakeredis_hypothesis.py;test_fakeredis.py
12b159e55d76c9180d01b25cdc2dcee93a4bb72e,,test_fakeredis_hypothesis.py;test_fakeredis.py
5d3e53c861b8e8d8d8a84a68fb9ea3d7c861dc32,setup.py,test_fakeredis_hypothesis.py;test_fakeredis.py
d8ba9392978cb0902b18d692cb0fb28dc4968093,,test_fakeredis_hypothesis.py;test_fakeredis.py
ca3c15a6a03ac5dddd32fd82e9478357e3ec6578,,test_fakeredis_hypothesis.py;test_fakeredis.py
99f5436bf07f969765f4145c628b36d946f3bee7,fakeredis/_server.py,test_fakeredis_hypothesis.py;test_fakeredis.py
d675ee1d6c4ac7a3bb0129f916232c0f2c6e9dd5,fakeredis/_server.py,test_fakeredis_hypothesis.py;test_fakeredis.py
7c663bf99896cb3f32c162717e0169050c76ff3d,,test_fakeredis_hypothesis.py;test_fakeredis.py
994a06e64dc0312da59227f811a9912f525510d6,,test_fakeredis_hypothesis.py;test_fakeredis.py
eed049d90cf153cc14466b23b6c655554f0e141e,,test_fakeredis_hypothesis.py;test_fakeredis.py
d87d0585bd41fe95ae41c8820c78759056c15988,,test_fakeredis_hypothesis.py;test_fakeredis.py
f4a5b38cabb4ca99120592423e80d387c557fc8a,fakeredis/_server.py,test_fakeredis_hypothesis.py;test_fakeredis.py
34587ad7811fa4ecac62c350ea4e0f9378952a19,fakeredis/_server.py;setup.py,test_fakeredis_hypothesis.py;test_fakeredis.py
a514f5e9d84b29c3f94a87a415849e29c3f5aabe,setup.py,test_fakeredis_hypothesis.py;test_fakeredis.py
32252a6d9a801e3a12f1b588e158f573ce2e09a8,setup.py,test_fakeredis_hypothesis.py;test_fakeredis.py
713d3125ee46b8b724de70c55809d62df942db83,fakeredis/_server.py,test_fakeredis_hypothesis.py;test_fakeredis.py
3a728f684cfd70849f20525efb922c7f45ce46df,,test_fakeredis_hypothesis.py;test_fakeredis.py
e0e042ca795f63dcfaf02be7ef5cc370ab965391,,test_fakeredis_hypothesis.py;test_fakeredis.py
d1b390448947d1d4a1f928e24a3e4a6c3166bd69,,test_fakeredis_hypothesis.py;test_fakeredis.py
ac79d3571f2261b30f4fb7dcdfc96da1666c74c3,setup.py,test_fakeredis_hypothesis.py;test_fakeredis.py
b7ee3e1593c15e4b058a4635120eaddc288f7448,fakeredis.py;fakeredis/_server.py;fakeredis/_zset.py;setup.py,test_fakeredis_hypothesis.py;test_fakeredis.py
aed0c2fe19e58923d0b76527ad931d9ed653cd4a,fakeredis.py;setup.py,test_fakeredis.py
34be573551e9ff5dd21d9e41b64a0e3dbaf5d58c,,test_fakeredis.py
689b2310b920d44b5ad0b3f3af87fce1fe576bb7,setup.py,test_fakeredis.py
da948fd6117552df2b719f877ac4546f57154fb2,fakeredis.py,test_fakeredis.py
aa6a0d670e08528b66e115818f1818892d06f745,fakeredis.py;setup.py,test_fakeredis.py
c5a23b5e8113c3c205bf7738d26817de5938c2d9,fakeredis.py,test_fakeredis.py
16ee5eb2af1259360b443165a03656e70230ec73,fakeredis.py,test_fakeredis.py
39a56a6b299a65c5457c052f32b099a191b783c9,fakeredis.py,test_fakeredis.py
a4e85b8959713f78e1e893ac375d69a9f8b17abf,fakeredis.py;setup.py,test_fakeredis.py
3a4966c6c983de6ac1b3ccf647c27ea0b574f22a,fakeredis.py,test_fakeredis.py
ed36fff38ded3d34af8bb7e9f6ffe5dd1d8071e2,,test_fakeredis.py
84a397ca1f1299b2fa8237ab821615702be549f7,fakeredis.py,test_fakeredis.py
b87e885a08e537419ef4fd6405f1a29429e451a2,fakeredis.py,test_fakeredis.py
eb2eb27ce27e935f43cc5ec8435573dcc7af13c1,fakeredis.py;setup.py,test_fakeredis.py
c729b18e6581eff43015585fb001f9d314ed7eda,fakeredis.py,test_fakeredis.py
8098106285d9838c4f9ebc64e8741dc2fec83849,,test_fakeredis.py
90564d046da7aeff236e89e46ff91d504a53f2f5,fakeredis.py,test_fakeredis.py
721669ee0f2ed7801d3e1ee74211b722995f8a86,fakeredis.py,test_fakeredis.py
c3c45af2382999264cee3b8f221336f18ee01a3a,fakeredis.py;setup.py,test_fakeredis.py
cd5c51590fd45a8e59d4fd39ed381190ca62a3af,,test_fakeredis.py
cece305d8f2f31fca1631cb83c356ec6a5cca3ce,setup.py,test_fakeredis.py
8db6035c0f59e8ab2db9124571e2d8efb09d5a78,fakeredis.py;setup.py,test_fakeredis.py
cc200e24792f5a45275d12f1f0e7aede3168affb,fakeredis.py,test_fakeredis.py
cb10fbeeeb9db1f2788f41c5676996bccd5bd702,fakeredis.py,test_fakeredis.py
b354e472f22551907deccb2bbbd25594f80b24bc,fakeredis.py;setup.py,test_fakeredis.py
fbe6d757f058b8dab8cc8374158f16cb6876b179,fakeredis.py,test_fakeredis.py
70d4910acdacb2f11a6119a5403efd734208e4c1,fakeredis.py,test_fakeredis.py
5bd2f1b1498633c73fd99762be78e6ebf02a728e,fakeredis.py,test_fakeredis.py
1e43347ff3a5bcfa5241d902bde213460007b055,fakeredis.py;setup.py,test_fakeredis.py
a80c02abc2b2f447926918466ef12b8aa99573bb,fakeredis.py,test_fakeredis.py
d69718a3d8c1f287a2d282d3e5be43b44920adf3,fakeredis.py;setup.py,test_fakeredis.py
ebb36c144fb7b4b48ebe7ff08632a64e67c04a1b,fakeredis.py,test_fakeredis.py
8216b16d9bf4eef0f2b4cbfbe1a6cf1f94a6322d,fakeredis.py,test_fakeredis.py
bb1ce28a23a4b62c097c3e548e2df18eb2a83547,,test_fakeredis.py
8a0fb707327b631a6c7db8ba17f4238111e77063,fakeredis.py;setup.py,test_fakeredis.py
1954ac481f4675c70757598c5072d5de4ed1d472,fakeredis.py,test_fakeredis.py
de23dbc5f4d99a902c4d78828dbfca8c7c32e979,fakeredis.py,test_fakeredis.py
39553dc7e653724109e3220c0807b97909b4287a,fakeredis.py,test_fakeredis.py
0cf62b502989f3aa6e87aa0a0312db89486e7839,,test_fakeredis.py
5bfa56a7d20557cea7b8f777fcde1b3baaa6e177,fakeredis.py,test_fakeredis.py
ccec029b3b95bb42738ece75ac683d4b25f509a4,fakeredis.py,test_fakeredis.py
3840b3c12a12b33ce93d31b7ca8706f7c5c63ff2,fakeredis.py,test_fakeredis.py
6e914ebe9466a908c2811773630f94525c770cbc,,test_fakeredis.py
e4ef13da59ed481038d24f5299758b24c3669f3c,fakeredis.py,test_fakeredis.py
f189df285a4415ddcd5c616e4542064623b328da,,test_fakeredis.py
bd3c2a02def698da7b8c7ac8d20cbb29443648a9,,test_fakeredis.py
ecc4c37e9755fac3bc3ed96747d4d1b72c5b5791,,test_fakeredis.py
aa2862fb56f6598e59c757d16b2e25b9b0c6f426,,test_fakeredis.py
8b8b965f8951ba210adb4357976ddddfba275a2d,,test_fakeredis.py
ebcfaa4a6356d3ff487e0cf3456ae020c4b65b83,,test_fakeredis.py
9702d56a2a514f07d75c30bc57a08ea90ae199e2,fakeredis.py;setup.py,test_fakeredis.py
258929094b51d4861a8c1adc4b1d6580b66c7e39,fakeredis.py,test_fakeredis.py
0e0cf4c1bb84328dd389127ea7d74fe1785c6b62,fakeredis.py;setup.py,test_fakeredis.py
53c9642102f9a76d2b4b44f08d0eb3b1e461f45f,fakeredis.py,test_fakeredis.py
993a69a77c772aca2e1b990b65023d54809dbbf8,fakeredis.py,test_fakeredis.py
f8c39216347d4cc3ba8bb4137fd1dc6697e448c9,fakeredis.py,test_fakeredis.py
827f1e2f8cd73bdf89302b9c838be867702f26d3,fakeredis.py,test_fakeredis.py
1b25f38604a682378f168af15d8342eaec1ac8fc,setup.py,test_fakeredis.py
1bc3111b6e1d0ac8470b50da66bd2af7c77f9049,fakeredis.py,test_fakeredis.py
24e97b23a6f09674bae5b7d4ffefefd647245c34,fakeredis.py,test_fakeredis.py
ba80ecd6364d10489cf6a89626eb1ce834a1f3a0,fakeredis.py,test_fakeredis.py
7090c0900e150960e1e836fc98cb4e8823921be5,,test_fakeredis.py
b4b1f1eb72e8fba348701192d6334b3dd17e3b7f,fakeredis.py,test_fakeredis.py
5f33b662457310093c97abad76950dba02c0ef5b,fakeredis.py;setup.py,test_fakeredis.py
ac30ed801c52d85091791c343e14207a410e79c1,,test_fakeredis.py
67cebf69a86275155e9ce7adfb286ab3f02d2593,fakeredis.py,test_fakeredis.py
df7d9912a56d6e9e43cbc767009f399684f1b4ae,fakeredis.py,test_fakeredis.py
b48dc03f2b11cadc1a5f8bd1919663624271dd8a,fakeredis.py,test_fakeredis.py
1c91de6c93bd976edcd060d8f14aff238064038d,fakeredis.py,test_fakeredis.py
4bfc7a2793aa93723c79512f8be4df2c497498ef,,test_fakeredis.py
913d98715c76e52826ec4282b20838afef5e4428,,test_fakeredis.py
96524bd1d2aa6449ed58ed1e5e8c4d4938f1116e,,test_fakeredis.py
6985108d54930fd797ba8ab5912e4e0a6675d097,fakeredis.py;setup.py,test_fakeredis.py
0aa1cb353be848318bddc47971f92d162279d7b2,,test_fakeredis.py
95549de648892490ca7abf299936605a86b81123,,test_fakeredis.py
95e9179885fc38ec633a3ef80ef557ab80f9c856,fakeredis.py;setup.py,test_fakeredis.py
5b6932673ca1c256f9c255540cb36dd435a83be9,fakeredis.py,test_fakeredis.py
e8f6d59a73f7fb5a8e368fbc923bae8f7347b3bc,fakeredis.py,test_fakeredis.py
c71157c6791a89f312794fba227e278e53e941bf,fakeredis.py,test_fakeredis.py
fd9bc8084e5ef5ba1cb0cb4d35e0d1457a5385d4,fakeredis.py,test_fakeredis.py
8de9cff1d4b15bde573c73478596287fd7621427,fakeredis.py,test_fakeredis.py
343002ab2df71c6423512377d997c56885171986,,test_fakeredis.py
feb839a4719ccdd62611a5993596c44fc66f1b83,fakeredis.py;setup.py,test_fakeredis.py
ee3ffe7709881ba45b072169b375b65806c164f5,,test_fakeredis.py
e836a8262c392d80ad4417d07a33193ea912d159,fakeredis.py,test_fakeredis.py
14570f9991bda8daf85bb011161409785f2ea980,fakeredis.py,test_fakeredis.py
3d069fd621df8ffeb3233aea16968bfb7759d731,fakeredis.py,test_fakeredis.py
f5da14ae74b82caa9acb9d1a32684f74e75c9fe7,fakeredis.py,test_fakeredis.py
c16f633606b79153475037f23ea46850d385a3d6,fakeredis.py,test_fakeredis.py
bcfb656121df46a877f272e780d53ab586868cff,,test_fakeredis.py
4529debd81d7c43461573fc42c9a6ff50b5cead8,fakeredis.py,test_fakeredis.py
bb6d5df5a3fb190b3d4225d292928bbafad38ddf,,test_fakeredis.py
7e68c2aedbd49cf86a15e1ad2da67350435b3e27,fakeredis.py,test_fakeredis.py
fff0029916419dad928552d639b4d82380d3fd00,fakeredis.py,test_fakeredis.py
8061fffb4844d6cc8d92cf48ef497b1f195c8894,fakeredis.py,test_fakeredis.py
4af79f636cf109edba9f8623a19c40c6ab83082b,fakeredis.py,test_fakeredis.py
10e7b67dfa62f656795923c8cf36d507619147ec,fakeredis.py;setup.py,test_fakeredis.py
b25b4402ac528db158ca0395eafc048a890dd3e1,fakeredis.py,test_fakeredis.py
e7e0069914e0edcfc37eed6a3a7e64a00371a440,fakeredis.py,test_fakeredis.py
da69539c4e83b0cd1941287c410f56b91f1d4114,fakeredis.py,test_fakeredis.py
771b3537439f873cfede7f3718e27303528f2ad8,fakeredis.py,test_fakeredis.py
39490591708e3d413d32eed4a4c13741d9fca8c0,,test_fakeredis.py
cbe0fcc1409f2431a833aa6ecb8218ea0f730151,fakeredis.py,test_fakeredis.py
257c7441e1a302cf034323e303b2ab69da23f2c9,fakeredis.py,test_fakeredis.py
739b1d006ece77b51ba34cb6c88609b73f6c4403,,test_fakeredis.py
ddd9381f9271dec1f1a17587545acf2d776c41e5,fakeredis.py;setup.py,test_fakeredis.py
2860ae08c4e8ea44403d858367513254b0b629df,,test_fakeredis.py
804375127d9b80766968e3331e2caf9ee16a0a84,fakeredis.py,test_fakeredis.py
8195ecaed48ae2f8d65b4250c4d921f2933731f1,,test_fakeredis.py
7381668023432f4ed89c9b5a1e89da54ae0b7e7e,fakeredis.py,test_fakeredis.py
b9ae04c63d2a41e89c8d6fbcf04d87d64db4e498,fakeredis.py,test_fakeredis.py
f598141e42bcf19512c380f2b3e11e7e97a4a5c2,,test_fakeredis.py
f6f6a2f08647405a6ac756952d4ac1523c8a5830,fakeredis.py,test_fakeredis.py
8413f9939580e5f71c648e3807f58a308bc7198f,fakeredis.py,test_fakeredis.py
efcbc1fbdfd7656abae820cd01a29828a36220fe,fakeredis.py;setup.py,test_fakeredis.py
45f41ad87b2dd563e313093166b5a8c2fa120200,,test_fakeredis.py
30528958ec46c6e6b28ce1d7960341fc11232e46,fakeredis.py,test_fakeredis.py
bf10559dc4c245c1c9a12a7da450361d3aa89fe3,fakeredis.py,test_fakeredis.py
b4272145e0e248358ecc6c2f35262390f379000a,fakeredis.py,test_fakeredis.py
3bfdc539cc2b3543cb888b283157e1fc9f192507,,test_fakeredis.py
3f392acb9766f7be4a54f4e1734c9243b8fb452d,fakeredis.py;setup.py,test_fakeredis.py
fb372f829366e2aa0e5a74f70703301a88a7dd52,,test_fakeredis.py
784a4867709adfee27b010db7cf5691d8b572525,,test_fakeredis.py
8a09f43f007008fd2b4970ecee1e0767958f3e9f,setup.py,test_fakeredis.py
ad5578f8e6b2f5200ae49c4636e9e8f8d9ce0c09,,test_fakeredis.py
3d0258b48ac09df534722ba6b46cd0684bf099ac,fakeredis.py;setup.py,test_fakeredis.py
46d1ce78d2e66a1eeae717f14479319b8296385d,fakeredis.py,test_fakeredis.py
c30984a8190301b1d6b310b8a430d9b35fead8be,,test_fakeredis.py
1721d4aab3843bff5377ead0b07a3241fca721e1,fakeredis.py;setup.py,test_fakeredis.py
9ed4351240d35f5069488f74cc24d2900e930ee6,fakeredis.py;setup.py,test_fakeredis.py
3095de708eeb2ace692f4e4190740b4e5d1f91dd,,test_fakeredis.py
299ba8bd36ed08f910960cb3305690f65d0ca468,fakeredis.py,test_fakeredis.py
27d2a5f29af1e0b603708fa2d3d1726a4513886e,fakeredis.py,test_fakeredis.py
1b0e48e728245ef046fb6517e7b811f1b0c19a73,fakeredis.py,test_fakeredis.py
7d94419b06c4e5a3c888c8b6be95264553900415,fakeredis.py,test_fakeredis.py
9d8b658390f85c8998966139ee5704e8becf6ec7,fakeredis.py,test_fakeredis.py
1b50aa93cda300bf8079fbdb3d8c871497a28377,fakeredis.py,test_fakeredis.py
278ef85db2e57d0a3e53d9dca852e4dd3438dc2e,fakeredis.py,test_fakeredis.py
9b4383c8f2419e3fb47b5c413b12bc1ecc7284cf,fakeredis.py,test_fakeredis.py
869bbd9e9fcf381d77d9b2d1a35469099936915f,fakeredis.py,test_fakeredis.py
0e1a60a88889bf08b5025c77acd42bb475d18378,fakeredis.py;setup.py,test_fakeredis.py
d12eea5e445bbdce34f7c5555cd9703f3701ccea,fakeredis.py,test_fakeredis.py
1b702fa3b7f7b57ed77396590d7668e5cdab500d,,test_fakeredis.py
d6fb0324f8648c57153ba642d2f83a724247f6e5,fakeredis.py,test_fakeredis.py
628c208431bffdc0ba1927d872720918fc4cf58c,,test_fakeredis.py
56e4cebf5af6c4f717adda57663d27b9c121fa6a,,test_fakeredis.py
c6845e7bdfaa9ef2f68d38bd24a0dcb8306b1b69,,test_fakeredis.py
5226c185c701bc9dcafa3a7ffe0b50b8fbeabdd3,,test_fakeredis.py
5cd4b182c880ec8427c605ffdf3594b1285d171b,fakeredis.py,test_fakeredis.py
74cd0cf6082e35f4d473fba2248c56084cbdfec4,fakeredis.py,test_fakeredis.py
71a344ea85ecfbed866748d1d4dad9d9fadbdd26,setup.py,test_fakeredis.py
eb156b35385a10397b8bd9aadb672854cf27e4f7,fakeredis.py,test_fakeredis.py
a8b4eb42124819a5f4ec5eb84fc967d23d3b3c4e,fakeredis.py,test_fakeredis.py
8c2d5ed18dbb6758ec8a2054bb0eef23543052cf,setup.py,test_fakeredis.py
c5a036ac7995dcb648a66ed260fb51771cdb7b6f,fakeredis.py,test_fakeredis.py
d7c53b50926a0d8943c5dc46fdcff012a711cda6,,test_fakeredis.py
9262676693608cd315dcb657e2eebb98422f65be,fakeredis.py,test_fakeredis.py
2536efc5d7fc08fbdad3ddbf1441d0221fe2e87d,fakeredis.py;setup.py,test_fakeredis.py
e6b05c11fa0ebbb7c3b69fdb2ed94f8c1bec305e,,test_fakeredis.py
c4e6320a74d4f4eb9c532c8132fe13408ead27e0,,test_fakeredis.py
f016e563fe7210d35d11c9d6f7329bea5e6af47a,,test_fakeredis.py
3f218c7f87c78b3b3875c4e654ba11bcfd259cff,,test_fakeredis.py
aa13c16141f461fd5b57b391421838d3d4b605e8,fakeredis.py,test_fakeredis.py
03db3fee08e6ee878325546b716f70f673f7462f,,test_fakeredis.py
3254295d0607cbe748221f76bceec45849c15f01,,test_fakeredis.py
4165bf20524a4349122034e9c1c2cda5be50f2d8,,test_fakeredis.py
8ad8eae61aa64400a6b4b9bd83d6928de7db99b7,,test_fakeredis.py
f869fc992bc7487f5476ae4638a2bc49755506d0,,test_fakeredis.py
e9c63c92d3a27d493260ef86eb9d60a0246a947d,fakeredis.py,test_fakeredis.py
5aeaa9496b74dbdb6f2577c8e6cc6650b8799362,fakeredis.py;setup.py,test_fakeredis.py
14a32ba38e1481f41520b8ca101d488bcee0ed81,fakeredis.py,test_fakeredis.py
bf1ae2019799f4ae06ebc91125f31b7a134f3229,fakeredis.py;setup.py,test_fakeredis.py
4b21a210179a16491e79c853a85055339834c7c5,fakeredis.py,test_fakeredis.py
6f9999f21918883fe676e139af23fce58a1d4f84,fakeredis.py,test_fakeredis.py
7d20a5d08f2f580fc7662f2fa9af231c1a82b51b,fakeredis.py,test_fakeredis.py
5583785e0c7d8231360be0a11fbb00dcccacb003,,test_fakeredis.py
31efb64876c4680b479cc1ada145d9e54f82a94f,,test_fakeredis.py
7541f04937e1f5019de3fd27f9141291cbd4aeb4,,test_fakeredis.py
29dca5b05f820f226e089c80e63dd5dbb9d7636e,,test_fakeredis.py
69b3f8efe622644a5a77b46c75ccf6ff848042c3,,test_fakeredis.py
2dc84c32c0830763d75203be6047bcb3e3e33088,,test_fakeredis.py
c27e49a74fb6e9233d432332d53a35395d757283,fakeredis.py,test_fakeredis.py
caaf067ecf1b64ccd5d519e0fa343903e9796317,fakeredis.py,test_fakeredis.py
5ce069b1996906c51e8bcb5b4948f45600aeb5ba,fakeredis.py,test_fakeredis.py
a1a87214b60665150715feb54f89abbe4a878cd6,,test_fakeredis.py
9cbfe59d5d7cd05b1e295a8b28fa408f4c7f329c,setup.py,test_fakeredis.py
d0f7207dac10c620fe4f70f63663c173826a9350,fakeredis.py,test_fakeredis.py
c2bc6aa7881c2b9c1b69cbd6c28f78b5601f0344,fakeredis.py,test_fakeredis.py
5b769f1d86e41e8d24a5f627e8ebe215154e712b,fakeredis.py,test_fakeredis.py
60cca1a3e2b8ef43c81cf3a377010136dd16ba14,fakeredis.py,test_fakeredis.py
560df338e0d1b9ceb1ec1027e7466ad570dc1979,,test_fakeredis.py
66532882cc26c684b58cddb94376f6110c2bf07e,,test_fakeredis.py
807b1a6ffb41f7f92be6498b8a74c2897475cb6c,fakeredis.py,test_fakeredis.py
7d18caae6d8501590d88ccecb1d7d7d1b7997a9d,fakeredis.py,test_fakeredis.py
01445003d6ed7d285a980c724754775c61b8cc2c,,test_fakeredis.py
19ccf2f9acc35011be30be965ec625e86700ac1d,,test_fakeredis.py
66afb21688c1309eb4151b92f66ff65ac4175466,fakeredis.py,test_fakeredis.py
7a73ba59910fa45be3609c29cbd94b4c1c8644ff,fakeredis.py,test_fakeredis.py
5efe23ca7ae2cd86c933225d267f9f32da6185dd,fakeredis.py,test_fakeredis.py
c05dcaacf78349d89b1c5f083fe3936883989b93,,test_fakeredis.py
89192822e8165a6816a994fcace2694e30e4815c,,test_fakeredis.py
aeb7b4b28acb6cf598203969bd8f50eb1bc4e1e3,,test_fakeredis.py
e34b2a72bdeae31ec1d2c07f66a84471c0c87db1,,test_fakeredis.py
a94696b4e2b4cea866600eb54301a8c7c76c8399,,test_fakeredis.py
0ab900fa44a4ffbffb1678523e56b23af25ac8f1,fakeredis.py,test_fakeredis.py
f4863153d556fafb3106bbe6e7b958b1edc3ca98,fakeredis.py,test_fakeredis.py
6b0f05305a6a608b9069c9815dc21ba5f9aa398d,fakeredis.py,test_fakeredis.py
36ad73ee1ad2e34fcbbcf5616bba954850f01554,fakeredis.py,test_fakeredis.py
c3fde323ad8a647bbee46734714fc2da81e72ce6,fakeredis.py,test_fakeredis.py
6fd38d14401af91c2bd4d3b1f4cdaa62f05ecd04,fakeredis.py,test_fakeredis.py
55a44b8c37a15b2a78443e095be8021ddfe3db77,,test_fakeredis.py
3d8d355cab61b8d6a5c47bebd311f6aa9201a494,,test_fakeredis.py
86f608c79410d87b8fd8d909428449feb86dcfc9,,test_fakeredis.py
4f2fa9f23eb1ffadf001e1bbea2b5dce89ffaab4,,test_fakeredis.py
8daad8944029b7e02b352faee35c1bc9522547a1,setup.py,test_fakeredis.py
8503d10de83952c003c7eeb9b3db6e7d74540ff7,,test_fakeredis.py
55e4859cfa308f0db5f4e831fce23333ebfdb2ec,fakeredis.py,test_fakeredis.py
592c1cd6eebd358b4b6c11c0094c84fcba9162e0,fakeredis.py,test_fakeredis.py
40d15949dc181f159defb1f0d0074641986c44a5,fakeredis.py,test_fakeredis.py
ed70c61579b875b868427924584e3bd8f7e4dc03,fakeredis.py,test_fakeredis.py
375f3672430cd905e5e2e2bece05dd63598c614b,fakeredis.py,test_fakeredis.py
fd9ce605ca79916f319d406f273386cdfae48f0d,fakeredis.py,test_fakeredis.py
b974a3440931261dfdcd95c9f9fec874b167efe5,fakeredis.py,test_fakeredis.py
24416c105804b27b073d8820107ea5fa3cfa220e,fakeredis.py,test_fakeredis.py
79f07dbccc043b6f4790f0c36bf131ad266d4b5b,,test_fakeredis.py
e9da048502136d8bb0fd0eaf470cc066861338ff,setup.py,test_fakeredis.py
a942064ffc49a1d6ee29d667391e123baeef21df,setup.py,test_fakeredis.py
e1e34233b9a91666ac3abd29dadb7235e5ea7dd3,setup.py,test_fakeredis.py
196babb885428f3710a92e80fd570d045f9a49ad,,test_fakeredis.py
6cfc3343b9763cfe94869af7245f5c5e0fb0aa8c,,test_fakeredis.py
54c70e11982adb0dbe3f58d1755ac989648f2a7f,setup.py,test_fakeredis.py
c0e090102c6e5b063c05868fb743511b413db55d,fakeredis.py,test_fakeredis.py
8af72be049d3f355526f718b55e1da3958740231,,test_fakeredis.py
bb537a24062d62c82cba3d1a30afe34329976e9f,,test_fakeredis.py
87137d51a64b33aad40a03446b8103a8a1901b17,,test_fakeredis.py
9c7f99280a614bb3ea959d151ef1d5e5b432c08c,fakeredis.py,test_fakeredis.py
ec3ef9bdf687e305420674aa4587685e7ec7336d,fakeredis.py,test_fakeredis.py
04ae27088cc2d4714d6644855eb391bfc5deaf82,,test_fakeredis.py
f46d92f9fe6b6925a5beca3a8442b349425eb6a9,fakeredis.py,test_fakeredis.py
1c05ed7edcdf3eb89ddd364882a0c802247706cf,fakeredis.py,test_fakeredis.py
0401988b3e5ffdbaaf950a3250aa4100a81d5f20,fakeredis.py,test_fakeredis.py
621f933c15acb086c4084c2175652f44578d1aba,,test_fakeredis.py
f47d0ded69476957f8ef6577157d4b2dfb559c9e,setup.py,test_fakeredis.py
2ecbb4c7ad1970d30765ac88bcefc7486e1402f4,fakeredis.py,test_fakeredis.py
a57c0717a0ff091931bdcc5359d228733229b5d1,fakeredis.py,test_fakeredis.py
484488d25a5821c29d3be3373087e9d42d021a42,fakeredis.py,test_fakeredis.py
eb3e8f74bcbffad83de3f3d71ea62c8f9f30df36,fakeredis.py,test_fakeredis.py
b7ea57e5e5afc50b95d7adb54c9a652f1f71f285,fakeredis.py,test_fakeredis.py
f20fd17c3cdebf9c970fdef853b3776815ee42d3,fakeredis.py,test_fakeredis.py
f4b369dff58480c3ab46826d24d2614963452ba2,fakeredis.py,test_fakeredis.py
db0389a4323999ce4bbdb7fa73a9f862c9ee68f2,fakeredis.py,test_fakeredis.py
500b6c31c30d0b111c9978d1ecfefc5bd87cd865,fakeredis.py,test_fakeredis.py
cea3af78487ce2252bd89eeab5e0d9e20bd405a0,,test_fakeredis.py
4d4ff87685843e29377e914a3437855b6531c3b6,,test_fakeredis.py
497f56c5c7ce49aea28df8e7efd33849293ec5db,fakeredis.py,test_fakeredis.py
4f1b1f466ce6a5c78d6c466b90db5afb76499e65,,test_fakeredis.py
d7951569c8300beb12d628c87350249d055d281e,fakeredis.py,test_fakeredis.py
ccb3a3615ca0cea8d3ef894f2fd765eb76e9a3d4,,test_fakeredis.py
edfc573ce86c49952e134771c2e7af58b7dc3553,fakeredis.py,test_fakeredis.py
e1008b4adcdc7ab54bcc7a090691a6514b892057,,test_fakeredis.py
41344061b333170b043ee6e597b06eaf3eedcd48,fakeredis.py,test_fakeredis.py
a74efbca54260ab74301600e483f7e1c71500b1f,fakeredis.py,test_fakeredis.py
5915a8a09afbdaa8d91406e9d656945457d7dd54,fakeredis.py,test_fakeredis.py
5fc922ba34c7ae2a1512899793ffd77509c9c5c1,fakeredis.py,test_fakeredis.py
64081b663a120e4413e05acc1930f7ffcb5b04bf,fakeredis.py,test_fakeredis.py
475d48447fab8e992e1a9515d767fb0b8d98f810,,test_fakeredis.py
75779e2cdeddeea9ecfb196e1f04d86be8963198,fakeredis.py,test_fakeredis.py
4c7f6e42a6160a3419543da45675746fa49dfbf5,setup.py,test_fakeredis.py
5a3e2113c0e3668367e2cfd0f7e2394e04720196,fakeredis.py,test_fakeredis.py
6616eec36955449f0267a07ced43b22325f6cc9f,fakeredis.py,test_fakeredis.py
c8ddebf176cf4b15f3457c9d93e54dbaf42b1fb2,fakeredis.py,test_fakeredis.py
7f4fa0a2e0a7f7e1aa8ac048988a88d730e23de3,fakeredis.py,test_fakeredis.py
f31aa4eb3dee90b0129a1f82ccba04df67681f66,fakeredis.py,test_fakeredis.py
